name,chrom,strand,txStart,txEnd,cdsStart,cdsEnd,exonCount,exonStarts,exonEnds,score,name2,cdsStartStat,cdsEndStat,exonFrames
NM_001005484.1,chr1,+,69090,70008,69090,70008,1,"69090,","70008,",0,OR4F5,cmpl,cmpl,"0,"
NM_001005221.2,chr1,+,367658,368597,367658,368597,1,"367658,","368597,",0,OR4F29,cmpl,cmpl,"0,"
NM_001005277.1,chr1,-,621095,622034,621095,622034,1,"621095,","622034,",0,OR4F16,cmpl,cmpl,"0,"
NM_152486.2,chr1,+,861120,879961,861321,879533,14,"861120,861301,865534,866418,871151,874419,874654,876523,877515,877789,877938,878632,879077,879287,","861180,861393,865716,866469,871276,874509,874840,876686,877631,877868,878438,878757,879188,879961,",0,SAMD11,cmpl,cmpl,"-1,0,0,2,2,1,1,1,2,1,2,1,0,0,"
NM_015658.3,chr1,-,879582,894679,880073,894620,19,"879582,880436,880897,881552,881781,883510,883869,886506,887379,887791,888554,889161,889383,891302,891474,892273,892478,894308,894594,","880180,880526,881033,881666,881925,883612,883983,886618,887519,887980,888668,889272,889462,891393,891595,892405,892653,894461,894679,",0,NOC2L,cmpl,cmpl,"1,1,0,0,0,0,0,2,0,0,0,0,2,1,0,0,2,2,0,"
NM_198317.2,chr1,+,895966,901099,896073,900571,12,"895966,896672,897008,897205,897734,898083,898488,898716,899299,899486,899728,900342,","896180,896932,897130,897427,897851,898297,898633,898884,899388,899560,899910,901099,",0,KLHL17,cmpl,cmpl,"0,2,1,0,0,0,1,2,2,1,0,2,"
NM_032129.2,chr1,+,901876,910488,901911,909955,16,"901876,902083,905656,905900,906065,906258,906492,906703,907454,907667,908240,908565,908879,909212,909695,909821,","901994,902183,905803,905981,906138,906386,906588,906784,907530,907804,908390,908706,909020,909431,909744,910488,",0,PLEKHN1,cmpl,cmpl,"0,2,0,0,0,1,0,0,0,1,0,0,0,0,0,1,"
NM_001160184.1,chr1,+,901876,910488,901911,909955,15,"901876,902083,905656,905900,906065,906258,906456,906703,907454,907667,908240,908879,909212,909695,909821,","901994,902183,905803,905981,906138,906386,906588,906784,907530,907804,908390,909020,909431,909744,910488,",0,PLEKHN1,cmpl,cmpl,"0,2,0,0,0,1,0,0,0,1,0,0,0,0,1,"
NM_001291367.1,chr1,-,910578,917497,911551,917497,5,"910578,911878,914260,916516,917444,","911649,912004,916037,916553,917497,",0,PERM1,cmpl,cmpl,"1,1,0,2,0,"
NM_001291366.1,chr1,-,910578,917497,911551,916409,4,"910578,911878,914260,917444,","911649,912004,916427,917497,",0,PERM1,cmpl,cmpl,"1,1,0,-1,"
NM_021170.3,chr1,-,934341,935552,934438,935353,4,"934341,934905,935071,935245,","934812,934993,935167,935552,",0,HES4,cmpl,cmpl,"1,0,0,0,"
NM_001142467.1,chr1,-,934343,935552,934438,935353,3,"934343,934905,935071,","934812,934993,935552,",0,HES4,cmpl,cmpl,"1,0,0,"
NM_005101.3,chr1,+,948846,949920,948953,949858,2,"948846,949363,","948956,949920,",0,ISG15,cmpl,cmpl,"0,0,"
NM_198576.3,chr1,+,955502,991499,955552,990361,36,"955502,957580,970656,976044,976552,976857,977335,978618,978917,979202,979488,979713,980540,980738,981112,981343,981539,981776,982199,982706,982952,983155,983391,984246,984615,984945,985282,985612,985806,986105,986632,986832,987107,989132,989827,990203,","955753,957842,970704,976260,976777,977082,977542,978837,979112,979403,979637,979819,980657,980903,981256,981468,981645,982115,982337,982834,983067,983275,983745,984439,984831,985175,985417,985709,985971,986217,986749,987025,987195,989357,989931,991499,",0,AGRN,cmpl,cmpl,"0,0,1,1,1,1,1,1,1,1,1,0,1,1,1,1,0,1,1,1,0,1,1,1,2,2,1,1,2,2,0,0,1,2,2,1,"
NM_001305275.1,chr1,+,955502,991499,955552,990361,39,"955502,957580,970656,976044,976552,976857,977335,978618,978917,979202,979488,979713,980540,980738,981112,981343,981539,981776,982199,982706,982952,983155,983391,984246,984615,984945,985282,985612,985806,986105,986411,986632,986832,987107,987372,988840,989132,989827,990203,","955753,957842,970704,976260,976777,977082,977542,978837,979112,979403,979637,979819,980657,980903,981256,981468,981645,982115,982337,982834,983067,983275,983745,984439,984831,985175,985417,985709,985971,986217,986423,986749,987025,987195,987396,988873,989357,989931,991499,",0,AGRN,cmpl,cmpl,"0,0,1,1,1,1,1,1,1,1,1,0,1,1,1,1,0,1,1,1,0,1,1,1,2,2,1,1,2,2,0,0,0,1,2,2,2,2,1,"
NM_001205252.1,chr1,-,1007125,1009687,1007196,1007946,2,"1007125,1009395,","1007955,1009687,",0,RNF223,cmpl,cmpl,"0,-1,"
NM_001330306.1,chr1,-,1017197,1051736,1018272,1026923,12,"1017197,1019294,1019860,1021257,1022518,1022881,1025732,1026255,1026851,1027370,1050401,1051439,","1018367,1019763,1019886,1021392,1022584,1022977,1025808,1026363,1026945,1027483,1050455,1051736,",0,C1orf159,cmpl,cmpl,"1,0,1,1,1,1,0,0,0,-1,-1,-1,"
NM_017891.4,chr1,-,1017197,1051736,1018272,1026923,10,"1017197,1019732,1019860,1021257,1022518,1022881,1025732,1026851,1027370,1051439,","1018367,1019763,1019886,1021392,1022584,1022977,1025808,1026945,1027483,1051736,",0,C1orf159,cmpl,cmpl,"1,0,1,1,1,1,0,0,-1,-1,"
NM_001130045.1,chr1,+,1109285,1133313,1114595,1133227,16,"1109285,1109664,1109803,1114568,1115036,1115413,1115862,1116110,1117120,1117740,1118255,1119299,1120348,1131979,1132472,1132817,","1109306,1109701,1109869,1114713,1115117,1115720,1115981,1116240,1117195,1117826,1118427,1119471,1120489,1132096,1132566,1133313,",0,TTLL10,cmpl,cmpl,"-1,-1,-1,0,1,1,2,1,2,2,1,2,0,0,0,1,"
NM_153254.2,chr1,+,1115076,1121244,1115433,1120522,9,"1115076,1115413,1115862,1116110,1117120,1117740,1118255,1119299,1120348,","1115233,1115720,1115981,1116240,1117195,1117826,1118427,1119471,1121244,",0,TTLL10,cmpl,cmpl,"-1,0,2,1,2,2,1,2,0,"
NM_004195.2,chr1,-,1138887,1142089,1139223,1141951,5,"1138887,1139413,1139778,1140749,1141764,","1139348,1139616,1139866,1140872,1142089,",0,TNFRSF18,cmpl,cmpl,"1,2,1,1,0,"
NM_148902.1,chr1,-,1138887,1142089,1139223,1141951,5,"1138887,1139434,1139778,1140749,1141764,","1139348,1139616,1139866,1140872,1142089,",0,TNFRSF18,cmpl,cmpl,"1,2,1,1,0,"
NM_148901.1,chr1,-,1138887,1142089,1138970,1141951,4,"1138887,1139778,1140749,1141764,","1139340,1139866,1140872,1142089,",0,TNFRSF18,cmpl,cmpl,"2,1,1,0,"
NM_003327.3,chr1,-,1146705,1149548,1146934,1149507,7,"1146705,1147083,1147321,1148017,1148371,1149042,1149362,","1147005,1147212,1147518,1148084,1148473,1149165,1149548,",0,TNFRSF4,cmpl,cmpl,"1,1,2,1,1,1,0,"
NM_016547.2,chr1,-,1152287,1167447,1153049,1164173,7,"1152287,1153837,1154148,1158623,1159211,1163847,1167271,","1153184,1154013,1154307,1158737,1159348,1164326,1167447,",0,SDF4,cmpl,cmpl,"0,1,1,1,2,0,-1,"
NM_016176.3,chr1,-,1152287,1167447,1152891,1164173,7,"1152287,1153837,1154148,1158623,1159211,1163847,1167271,","1153068,1154013,1154307,1158737,1159348,1164326,1167447,",0,SDF4,cmpl,cmpl,"0,1,1,1,2,0,-1,"
NM_080605.3,chr1,+,1167628,1170421,1167658,1168648,1,"1167628,","1170421,",0,B3GALT6,cmpl,cmpl,"0,"
NM_001014980.2,chr1,-,1177825,1182102,1177927,1182070,8,"1177825,1178214,1178441,1178823,1179333,1179570,1179760,1181893,","1178026,1178293,1178532,1178932,1179485,1179655,1179877,1182102,",0,FAM132A,cmpl,cmpl,"0,2,1,0,1,0,0,0,"
NM_194458.1,chr1,-,1189291,1209234,1190582,1198741,7,"1189291,1191424,1192371,1192587,1198725,1203112,1209045,","1190867,1191505,1192510,1192690,1198766,1203372,1209234,",0,UBE2J2,cmpl,cmpl,"0,0,2,1,0,-1,-1,"
NM_194315.1,chr1,-,1189291,1209234,1190582,1203372,8,"1189291,1191424,1192371,1192587,1198725,1200162,1203241,1209045,","1190867,1191505,1192510,1192690,1198766,1200210,1203372,1209234,",0,UBE2J2,cmpl,cmpl,"0,0,2,1,2,2,0,-1,"
NM_058167.2,chr1,-,1189291,1209234,1190582,1203372,7,"1189291,1191424,1192371,1192587,1198725,1203241,1209045,","1190867,1191505,1192510,1192690,1198766,1203372,1209234,",0,UBE2J2,cmpl,cmpl,"0,0,2,1,2,0,-1,"
NM_194457.1,chr1,-,1189291,1209234,1190582,1198741,6,"1189291,1191424,1192371,1192587,1198725,1209045,","1190867,1191505,1192510,1192690,1198766,1209234,",0,UBE2J2,cmpl,cmpl,"0,0,2,1,0,-1,"
NM_001130413.3,chr1,+,1215815,1227409,1216041,1226990,18,"1215815,1216605,1216790,1217621,1219357,1220950,1221305,1222147,1222488,1222887,1223052,1223318,1225650,1225856,1226016,1226274,1226444,1226633,","1216046,1216677,1216990,1217695,1219470,1221044,1221658,1222355,1222679,1222976,1223216,1223417,1225768,1225935,1226074,1226333,1226520,1227409,",0,SCNN1D,cmpl,cmpl,"0,2,2,1,0,2,0,2,0,2,1,0,0,1,2,0,2,0,"
NM_030649.2,chr1,-,1227763,1243269,1228943,1243195,24,"1227763,1229202,1229469,1229781,1230097,1230826,1231115,1231394,1231590,1231804,1233201,1233392,1233749,1233946,1234724,1235210,1235352,1235537,1235888,1237367,1238301,1238541,1239465,1243148,","1229088,1229313,1229579,1230008,1230196,1230934,1231318,1231489,1231660,1232013,1233313,1233493,1233801,1234059,1234736,1235285,1235448,1235582,1236072,1237426,1238355,1238661,1239523,1243269,",0,ACAP3,cmpl,cmpl,"2,2,0,1,1,1,2,0,2,0,2,0,2,0,0,0,0,0,2,0,0,0,2,0,"
NM_153339.2,chr1,+,1243959,1247057,1244023,1246759,8,"1243959,1244294,1244465,1244833,1245060,1246013,1246288,1246709,","1244100,1244352,1244653,1244983,1245231,1246068,1246451,1247057,",0,PUSL1,cmpl,cmpl,"0,2,0,2,2,2,0,1,"
NM_001346116.1,chr1,+,1243959,1247057,1244023,1246759,8,"1243959,1244294,1244465,1244833,1245060,1246013,1246219,1246709,","1244100,1244352,1244653,1244983,1245231,1246068,1246451,1247057,",0,PUSL1,cmpl,cmpl,"0,2,0,2,2,2,0,1,"
NM_001256456.1,chr1,-,1246964,1260067,1247238,1257333,19,"1246964,1247397,1247605,1247819,1247972,1248166,1248414,1248888,1249111,1249680,1250203,1250783,1250899,1254675,1255835,1256375,1257287,1258271,1259960,","1247304,1247527,1247748,1247881,1248080,1248329,1248504,1248972,1249301,1249745,1250342,1250818,1250998,1254904,1255909,1256473,1257364,1258667,1260067,",0,INTS11,cmpl,cmpl,"0,2,0,1,1,0,0,0,2,0,2,0,0,2,0,1,0,-1,-1,"
NM_001256462.1,chr1,-,1246964,1260067,1247238,1259988,15,"1246964,1247397,1247605,1247819,1247972,1248166,1248414,1248888,1249111,1249680,1250203,1250783,1250899,1258556,1259960,","1247304,1247527,1247748,1247881,1248080,1248329,1248504,1248972,1249301,1249745,1250342,1250818,1250994,1258667,1260067,",0,INTS11,cmpl,cmpl,"0,2,0,1,1,0,0,0,2,0,2,0,1,1,0,"
NM_001256460.1,chr1,-,1246964,1260067,1247238,1256414,18,"1246964,1247397,1247605,1247819,1247972,1248166,1248414,1248888,1249111,1249680,1250203,1250783,1250899,1254675,1255835,1256375,1258560,1259960,","1247304,1247527,1247748,1247881,1248080,1248329,1248504,1248972,1249301,1249745,1250342,1250818,1250998,1254904,1255909,1256473,1258667,1260067,",0,INTS11,cmpl,cmpl,"0,2,0,1,1,0,0,0,2,0,2,0,0,2,0,0,-1,-1,"
NM_017871.5,chr1,-,1246964,1260067,1247238,1259988,17,"1246964,1247397,1247605,1247819,1247972,1248166,1248414,1248888,1249111,1249680,1250203,1250783,1250899,1254675,1255835,1256375,1259960,","1247304,1247527,1247748,1247881,1248080,1248329,1248504,1248972,1249301,1249745,1250342,1250818,1250998,1254904,1255909,1256473,1260067,",0,INTS11,cmpl,cmpl,"0,2,0,1,1,0,0,0,2,0,2,0,0,2,0,1,0,"
NM_001256463.1,chr1,-,1246964,1260067,1247238,1259988,15,"1246964,1247397,1247605,1247819,1247972,1248166,1248414,1248888,1249111,1249680,1250203,1250783,1250899,1256375,1259960,","1247304,1247527,1247748,1247881,1248080,1248329,1248504,1248972,1249301,1249745,1250342,1250818,1250998,1256473,1260067,",0,INTS11,cmpl,cmpl,"0,2,0,1,1,0,0,0,2,0,2,0,0,1,0,"
NM_001029885.1,chr1,+,1260142,1264276,1262290,1263143,3,"1260142,1262215,1262620,","1260482,1262412,1264276,",0,CPTP,cmpl,cmpl,"-1,0,2,"
NM_152228.2,chr1,+,1266725,1270700,1266725,1269844,6,"1266725,1267017,1267403,1268300,1268638,1268885,","1266916,1267318,1268186,1268504,1268759,1270700,",0,TAS1R3,cmpl,cmpl,"0,2,0,0,0,1,"
NM_001330311.1,chr1,-,1270657,1284492,1271521,1284445,15,"1270657,1273356,1273648,1273901,1274666,1274961,1275115,1275417,1275626,1275789,1277046,1277432,1277742,1278068,1284275,","1271895,1273563,1273816,1274033,1274819,1275029,1275192,1275557,1275696,1275883,1277185,1277536,1277864,1278138,1284492,",0,DVL1,cmpl,cmpl,"1,1,1,1,1,2,0,1,0,2,1,2,0,2,0,"
NM_004421.2,chr1,-,1270657,1284492,1271521,1284445,15,"1270657,1273356,1273648,1273901,1274741,1274961,1275115,1275417,1275626,1275789,1277046,1277432,1277742,1278068,1284275,","1271895,1273563,1273816,1274033,1274819,1275029,1275192,1275557,1275696,1275883,1277185,1277536,1277864,1278138,1284492,",0,DVL1,cmpl,cmpl,"1,1,1,1,1,2,0,1,0,2,1,2,0,2,0,"
NM_001282585.1,chr1,-,1288068,1293927,1288680,1293884,10,"1288068,1289227,1289409,1289572,1289733,1290061,1290623,1290829,1292060,1293835,","1288712,1289326,1289486,1289612,1289889,1290532,1290725,1291132,1292084,1293927,",0,MXRA8,cmpl,cmpl,"1,1,2,1,1,1,1,1,1,0,"
NM_032348.3,chr1,-,1288068,1294174,1288983,1293884,10,"1288068,1289227,1289409,1289572,1289733,1290061,1290623,1290829,1292060,1293835,","1289009,1289308,1289486,1289612,1289889,1290532,1290725,1291132,1292084,1294174,",0,MXRA8,cmpl,cmpl,"1,1,2,1,1,1,1,1,1,0,"
NM_001282584.1,chr1,-,1288068,1294174,1288983,1293884,9,"1288068,1289227,1289409,1289572,1289733,1290061,1290623,1292060,1293835,","1289009,1289308,1289486,1289612,1289889,1290532,1290725,1292084,1294174,",0,MXRA8,cmpl,cmpl,"1,1,2,1,1,1,1,1,0,"
NM_001282583.1,chr1,-,1288068,1297157,1288983,1296643,10,"1288068,1289227,1289409,1289572,1289733,1290061,1290623,1290829,1292060,1296621,","1289009,1289308,1289486,1289612,1289889,1290532,1290725,1291132,1292084,1297157,",0,MXRA8,cmpl,cmpl,"1,1,2,1,1,1,1,1,1,0,"
NM_001282582.1,chr1,-,1288068,1298921,1288983,1293884,11,"1288068,1289227,1289409,1289572,1289733,1290061,1290623,1290829,1292060,1293835,1298896,","1289009,1289308,1289486,1289612,1289889,1290532,1290725,1291132,1292084,1293927,1298921,",0,MXRA8,cmpl,cmpl,"1,1,2,1,1,1,1,1,1,0,-1,"
NM_017900.2,chr1,-,1309109,1310818,1309180,1310136,4,"1309109,1309379,1310084,1310533,","1309282,1309825,1310170,1310818,",0,AURKAIP1,cmpl,cmpl,"0,1,0,-1,"
NM_001127229.1,chr1,-,1309109,1310580,1309180,1310136,4,"1309109,1309379,1310084,1310376,","1309282,1309825,1310170,1310580,",0,AURKAIP1,cmpl,cmpl,"0,1,0,-1,"
NM_001127230.1,chr1,-,1309110,1310562,1309180,1310136,4,"1309110,1309379,1310084,1310454,","1309282,1309825,1310170,1310562,",0,AURKAIP1,cmpl,cmpl,"0,1,0,-1,"
NM_001320153.1,chr1,-,1321090,1334718,1322610,1326238,12,"1321090,1323156,1323333,1325609,1325838,1326145,1328169,1328775,1330773,1333612,1333976,1334398,","1322962,1323249,1323445,1325751,1325943,1326955,1328183,1328840,1330894,1333722,1334051,1334718,",0,CCNL2,cmpl,cmpl,"2,2,1,0,0,0,-1,-1,-1,-1,-1,-1,"
NM_001320155.1,chr1,-,1321090,1334718,1322610,1326238,12,"1321090,1323156,1323333,1325609,1325838,1326145,1328169,1328775,1330773,1333612,1333976,1334398,","1322962,1323249,1323445,1325751,1325943,1326245,1328183,1328840,1330894,1333722,1334051,1334718,",0,CCNL2,cmpl,cmpl,"2,2,1,0,0,0,-1,-1,-1,-1,-1,-1,"
NM_030937.4,chr1,-,1321090,1334718,1322610,1334686,11,"1321090,1323156,1323333,1325609,1325838,1326145,1328775,1330773,1333612,1333976,1334398,","1322962,1323249,1323445,1325751,1325943,1326245,1328840,1330894,1333722,1334051,1334718,",0,CCNL2,cmpl,cmpl,"2,2,1,0,0,2,0,2,0,0,0,"
NM_001039577.3,chr1,-,1327667,1334718,1328161,1334686,6,"1327667,1328775,1330773,1333612,1333976,1334398,","1328183,1328840,1330894,1333722,1334051,1334718,",0,CCNL2,cmpl,cmpl,"2,0,2,0,0,0,"
NM_017971.3,chr1,-,1337275,1342693,1337462,1342597,4,"1337275,1341188,1342288,1342510,","1337636,1341266,1342399,1342693,",0,MRPL20,cmpl,cmpl,"0,0,0,0,"
NM_001318485.1,chr1,-,1337288,1342693,1337948,1342597,4,"1337288,1341188,1342288,1342510,","1337981,1341266,1342399,1342693,",0,MRPL20,cmpl,cmpl,"0,0,0,0,"
NM_001145210.2,chr1,-,1353799,1356824,1354479,1356385,4,"1353799,1355431,1356176,1356512,","1354929,1355972,1356385,1356824,",0,ANKRD65,cmpl,cmpl,"0,2,0,-1,"
NM_001243535.1,chr1,-,1353799,1356824,1354613,1356385,3,"1353799,1356176,1356512,","1354929,1356385,1356824,",0,ANKRD65,cmpl,cmpl,"2,0,-1,"
NM_001243536.1,chr1,-,1353799,1356824,1354921,1356385,3,"1353799,1356195,1356512,","1354929,1356385,1356824,",0,ANKRD65,cmpl,cmpl,"1,0,-1,"
NM_001146685.1,chr1,+,1361507,1363167,1361507,1363167,2,"1361507,1362933,","1361765,1363167,",0,TMEM88B,cmpl,cmpl,"0,0,"
NM_199121.2,chr1,+,1370902,1378262,1371128,1372823,3,"1370902,1372701,1374460,","1371201,1372864,1378262,",0,VWA1,cmpl,cmpl,"0,1,-1,"
NM_022834.4,chr1,+,1370902,1378262,1371128,1375167,3,"1370902,1372306,1374460,","1371201,1372864,1378262,",0,VWA1,cmpl,cmpl,"0,1,1,"
NM_001039211.2,chr1,+,1385068,1405538,1386063,1403910,12,"1385068,1387425,1387744,1389724,1390839,1391170,1391604,1392508,1394540,1396129,1397979,1403763,","1386138,1387502,1387814,1389880,1390899,1391296,1391729,1392560,1394611,1396297,1398088,1405538,",0,ATAD3C,cmpl,cmpl,"0,0,2,0,0,0,0,2,0,2,2,0,"
NM_031921.5,chr1,+,1407134,1431584,1407264,1431197,16,"1407134,1412653,1414023,1414428,1416246,1417517,1417924,1420395,1421161,1421489,1421923,1423242,1424583,1425636,1425942,1430864,","1407469,1412730,1414125,1414488,1416316,1417683,1417994,1420551,1421218,1421615,1422048,1423294,1424654,1425804,1426051,1431584,",0,ATAD3B,cmpl,cmpl,"0,1,0,0,0,1,2,0,0,0,0,2,0,2,2,0,"
NM_001317238.1,chr1,+,1413494,1431584,1413879,1431197,14,"1413494,1414428,1416246,1417517,1417924,1420395,1421161,1421489,1421923,1423242,1424583,1425636,1425942,1430864,","1414125,1414488,1416316,1417683,1417994,1420551,1421218,1421615,1422048,1423294,1424654,1425804,1426051,1431584,",0,ATAD3B,cmpl,cmpl,"0,0,0,1,2,0,0,0,0,2,0,2,2,0,"
NM_001170535.1,chr1,+,1447522,1470067,1447648,1469452,16,"1447522,1451391,1452690,1453095,1454300,1455520,1455927,1458123,1458890,1459218,1459652,1460619,1461840,1463074,1464602,1469305,","1447853,1451468,1452792,1453155,1454370,1455686,1455997,1458279,1458947,1459344,1459777,1460671,1461911,1463242,1464711,1470067,",0,ATAD3A,cmpl,cmpl,"0,1,0,0,0,1,2,0,0,0,0,2,0,2,2,0,"
NM_018188.3,chr1,+,1447522,1470067,1447648,1469452,16,"1447522,1451391,1452546,1453095,1454300,1455520,1455927,1458123,1458890,1459218,1459652,1460619,1461840,1463074,1464602,1469305,","1447853,1451468,1452792,1453155,1454370,1455686,1455997,1458279,1458947,1459344,1459777,1460671,1461911,1463242,1464711,1470067,",0,ATAD3A,cmpl,cmpl,"0,1,0,0,0,1,2,0,0,0,0,2,0,2,2,0,"
NM_001170536.1,chr1,+,1447909,1470067,1451423,1469452,16,"1447909,1451391,1452690,1453095,1454300,1455520,1455927,1458123,1458890,1459218,1459652,1460619,1461840,1463074,1464602,1469305,","1448070,1451468,1452792,1453155,1454370,1455686,1455997,1458279,1458947,1459344,1459777,1460671,1461911,1463242,1464711,1470067,",0,ATAD3A,cmpl,cmpl,"-1,0,0,0,0,1,2,0,0,0,0,2,0,2,2,0,"
NM_001114748.1,chr1,-,1470157,1475740,1470738,1475726,4,"1470157,1470968,1475063,1475669,","1470887,1471177,1475170,1475740,",0,TMEM240,cmpl,cmpl,"1,2,0,0,"
NM_014188.2,chr1,-,1477052,1510262,1477445,1509937,5,"1477052,1479248,1480242,1500152,1509857,","1477547,1479367,1480382,1500296,1510262,",0,SSU72,cmpl,cmpl,"0,1,2,2,0,"
NM_001242659.1,chr1,-,1533387,1535476,1534714,1535395,1,"1533387,","1535476,",0,FNDC10,cmpl,cmpl,"0,"
NM_001170687.1,chr1,+,1550794,1565990,1550839,1565910,20,"1550794,1551887,1558810,1559153,1560174,1560370,1560665,1560925,1562029,1562216,1562453,1562675,1563052,1563398,1563652,1563868,1564512,1564764,1565018,1565671,","1551013,1551994,1559079,1559325,1560281,1560565,1560808,1561033,1562134,1562379,1562587,1562824,1563209,1563559,1563779,1564102,1564691,1564946,1565084,1565990,",0,MIB2,cmpl,cmpl,"0,0,2,1,2,1,1,0,0,0,1,0,2,0,2,0,0,2,1,1,"
NM_001170688.1,chr1,+,1550794,1565990,1550839,1565910,19,"1550794,1551887,1558768,1559153,1560174,1560665,1560925,1562029,1562216,1562453,1562675,1563052,1563398,1563652,1563868,1564512,1564764,1565018,1565671,","1551013,1551994,1559079,1559325,1560281,1560808,1561033,1562134,1562379,1562587,1562824,1563209,1563559,1563779,1564102,1564691,1564946,1565084,1565990,",0,MIB2,cmpl,cmpl,"0,0,2,1,2,1,0,0,0,1,0,2,0,2,0,0,2,1,1,"
NM_001170686.1,chr1,+,1550794,1565990,1550839,1565910,20,"1550794,1551887,1558768,1559153,1560174,1560370,1560665,1560937,1562029,1562216,1562453,1562675,1563052,1563398,1563652,1563868,1564512,1564764,1565018,1565671,","1551013,1551994,1559079,1559325,1560281,1560565,1560808,1561033,1562134,1562379,1562587,1562824,1563209,1563559,1563779,1564102,1564691,1564946,1565084,1565990,",0,MIB2,cmpl,cmpl,"0,0,2,1,2,1,1,0,0,0,1,0,2,0,2,0,0,2,1,1,"
NM_080875.2,chr1,+,1550794,1565990,1550839,1565910,20,"1550794,1551887,1558768,1559153,1560174,1560370,1560665,1560925,1562029,1562216,1562453,1562675,1563052,1563398,1563652,1563868,1564512,1564764,1565018,1565671,","1551013,1551994,1559079,1559325,1560281,1560565,1560808,1561033,1562134,1562379,1562587,1562824,1563209,1563559,1563779,1564102,1564691,1564946,1565084,1565990,",0,MIB2,cmpl,cmpl,"0,0,2,1,2,1,1,0,0,0,1,0,2,0,2,0,0,2,1,1,"
NM_001170689.1,chr1,+,1551244,1565990,1558832,1565681,18,"1551244,1551887,1558810,1559153,1560174,1560665,1560925,1562029,1562216,1562453,1562675,1563052,1563398,1563652,1563868,1564512,1565018,1565671,","1551480,1551994,1559079,1559325,1560281,1560808,1561033,1562134,1562379,1562587,1562824,1563209,1563559,1563779,1564102,1564691,1565084,1565990,",0,MIB2,cmpl,cmpl,"-1,-1,0,1,2,1,0,0,0,1,0,2,0,2,0,0,2,2,"
NM_006983.1,chr1,+,1567559,1570030,1567597,1570001,8,"1567559,1568161,1568359,1568566,1569126,1569367,1569580,1569826,","1567753,1568292,1568499,1568734,1569291,1569478,1569707,1570030,",0,MMP23B,cmpl,cmpl,"0,0,2,1,1,1,1,2,"
NM_033489.2,chr1,-,1570602,1590558,1571125,1588714,19,"1570602,1571298,1571694,1572043,1572258,1572442,1572769,1573123,1573861,1575637,1576408,1577022,1577266,1577746,1580486,1586818,1588705,1588824,1590374,","1571218,1571488,1571843,1572160,1572366,1572564,1572875,1573245,1573952,1575813,1576474,1577181,1577362,1577869,1580625,1586938,1588752,1588948,1590558,",0,CDK11B,cmpl,cmpl,"0,2,0,0,0,1,0,1,0,1,1,1,1,1,0,0,0,-1,-1,"
NM_033490.2,chr1,-,1570602,1590558,1571125,1577849,17,"1570602,1571298,1571694,1572043,1572258,1572442,1572769,1573123,1573861,1575637,1576408,1577022,1577266,1577746,1586817,1588824,1590374,","1571218,1571488,1571843,1572160,1572366,1572564,1572875,1573245,1573952,1575813,1576474,1577181,1577362,1577871,1586938,1588948,1590558,",0,CDK11B,cmpl,cmpl,"0,2,0,0,0,1,0,1,0,1,1,1,1,0,-1,-1,-1,"
NM_033487.2,chr1,-,1570602,1590558,1571125,1577348,16,"1570602,1571298,1571694,1572043,1572258,1572442,1572769,1573123,1573861,1575637,1576408,1577022,1577266,1586817,1588824,1590374,","1571218,1571488,1571843,1572160,1572366,1572564,1572875,1573245,1573952,1575813,1576474,1577181,1577365,1586938,1588948,1590558,",0,CDK11B,cmpl,cmpl,"0,2,0,0,0,1,0,1,0,1,1,1,0,-1,-1,-1,"
NM_001787.2,chr1,-,1570602,1590558,1571125,1588935,18,"1570602,1571298,1571694,1572043,1572258,1572442,1572769,1573123,1573861,1575637,1576408,1577022,1577266,1577707,1580486,1586818,1588824,1590374,","1571218,1571488,1571843,1572160,1572366,1572564,1572875,1573245,1573952,1575813,1576474,1577181,1577362,1577869,1580625,1586938,1588948,1590558,",0,CDK11B,cmpl,cmpl,"0,2,0,0,0,1,0,1,0,1,1,1,1,1,0,0,0,-1,"
NM_033486.2,chr1,-,1570602,1590558,1571125,1588935,18,"1570602,1571298,1571694,1572043,1572258,1572442,1572769,1573123,1573861,1575637,1576408,1577022,1577266,1577746,1580486,1586818,1588824,1590374,","1571218,1571488,1571843,1572160,1572366,1572564,1572875,1573245,1573952,1575813,1576474,1577181,1577362,1577869,1580625,1586938,1588948,1590558,",0,CDK11B,cmpl,cmpl,"0,2,0,0,0,1,0,1,0,1,1,1,1,1,0,0,0,-1,"
NM_001291345.1,chr1,-,1570602,1590558,1571125,1588935,18,"1570602,1571298,1571694,1572043,1572258,1572442,1572769,1573123,1573861,1575637,1576408,1577022,1577266,1577746,1580486,1586824,1588824,1590374,","1571218,1571488,1571843,1572160,1572366,1572564,1572875,1573245,1573952,1575813,1576474,1577181,1577362,1577869,1580625,1586938,1588948,1590558,",0,CDK11B,cmpl,cmpl,"0,2,0,0,0,1,0,1,0,1,1,1,1,1,0,0,0,-1,"
NM_001290264.1,chr1,-,1592938,1624243,1597220,1608138,10,"1592938,1599765,1601102,1601536,1602947,1606901,1607502,1607816,1622414,1623887,","1597458,1599911,1601175,1601590,1603068,1607029,1607638,1608285,1622832,1624243,",0,SLC35E2B,cmpl,cmpl,"2,0,2,2,1,2,1,0,-1,-1,"
NM_001110781.2,chr1,-,1592938,1624243,1597220,1608138,9,"1592938,1599765,1601102,1601536,1602947,1606901,1607502,1607816,1623887,","1597458,1599911,1601175,1601590,1603068,1607029,1607638,1608285,1624243,",0,SLC35E2B,cmpl,cmpl,"2,0,2,2,1,2,1,0,-1,"
NM_024011.3,chr1,-,1633821,1656004,1634345,1654257,20,"1633821,1634518,1634914,1635262,1635477,1635661,1635988,1636342,1637080,1638847,1639618,1640232,1640476,1640956,1643702,1647784,1650766,1653034,1654146,1655696,","1634438,1634708,1635063,1635379,1635585,1635783,1636094,1636464,1637171,1639023,1639684,1640391,1640572,1641079,1643839,1647917,1650894,1653150,1654270,1656004,",0,CDK11A,cmpl,cmpl,"0,2,0,0,0,1,0,1,0,1,1,1,1,1,2,1,2,0,0,-1,"
NM_001313982.1,chr1,-,1633821,1656004,1634345,1654257,20,"1633821,1634518,1634914,1635262,1635477,1635661,1635988,1636342,1637080,1638847,1639618,1640232,1640476,1640956,1643702,1647784,1650796,1653034,1654146,1655696,","1634438,1634708,1635063,1635379,1635585,1635783,1636094,1636464,1637171,1639023,1639684,1640391,1640572,1641079,1643866,1647917,1650894,1653150,1654270,1656004,",0,CDK11A,cmpl,cmpl,"0,2,0,0,0,1,0,1,0,1,1,1,1,1,2,1,2,0,0,-1,"
NM_001313896.1,chr1,-,1633821,1656004,1634345,1654257,20,"1633821,1634518,1634914,1635262,1635477,1635661,1635988,1636342,1637080,1638847,1639618,1640232,1640476,1640917,1643702,1647784,1650796,1653034,1654146,1655696,","1634438,1634708,1635063,1635379,1635585,1635783,1636094,1636464,1637171,1639023,1639684,1640391,1640572,1641079,1643839,1647917,1650894,1653150,1654270,1656004,",0,CDK11A,cmpl,cmpl,"0,2,0,0,0,1,0,1,0,1,1,1,1,1,2,1,2,0,0,-1,"
NM_033529.3,chr1,-,1633821,1656004,1634345,1654257,20,"1633821,1634518,1634914,1635262,1635477,1635661,1635988,1636342,1637080,1638847,1639618,1640232,1640476,1640956,1643702,1647784,1650796,1653034,1654146,1655696,","1634438,1634708,1635063,1635379,1635585,1635783,1636094,1636464,1637171,1639023,1639684,1640391,1640572,1641079,1643839,1647917,1650894,1653150,1654270,1656004,",0,CDK11A,cmpl,cmpl,"0,2,0,0,0,1,0,1,0,1,1,1,1,1,2,1,2,0,0,-1,"
NM_001199787.1,chr1,-,1656276,1677438,1656852,1670996,7,"1656276,1666128,1669759,1670360,1670674,1675689,1677162,","1656861,1666274,1669887,1670496,1671143,1676107,1677438,",0,SLC35E2,cmpl,cmpl,"0,1,2,1,0,-1,-1,"
NM_182838.2,chr1,-,1658823,1677438,1663893,1670996,6,"1658823,1666128,1669759,1670360,1670674,1677162,","1663962,1666274,1669887,1670496,1671143,1677438,",0,SLC35E2,cmpl,cmpl,"0,1,2,1,0,-1,"
NM_023018.4,chr1,-,1682670,1709909,1684342,1696845,12,"1682670,1685005,1685489,1685722,1685982,1686812,1687696,1687941,1688619,1693390,1696666,1709727,","1684499,1685088,1685647,1685822,1686137,1686915,1687782,1688047,1688749,1693474,1696885,1709909,",0,NADK,cmpl,cmpl,"2,0,1,0,1,0,1,0,2,2,0,-1,"
NM_001198993.1,chr1,-,1682670,1710297,1684342,1696845,12,"1682670,1685005,1685489,1685722,1685982,1686812,1687696,1687941,1688619,1693390,1696666,1710184,","1684499,1685088,1685647,1685822,1686137,1686915,1687782,1688047,1688749,1693474,1696885,1710297,",0,NADK,cmpl,cmpl,"2,0,1,0,1,0,1,0,2,2,0,-1,"
NM_001198994.1,chr1,-,1682670,1711508,1684342,1696845,14,"1682670,1685005,1685489,1685722,1685982,1686812,1687696,1687941,1688545,1690539,1691172,1693390,1696666,1711343,","1684499,1685088,1685647,1685822,1686137,1686915,1687782,1688096,1688749,1690682,1691341,1693474,1696885,1711508,",0,NADK,cmpl,cmpl,"2,0,1,0,1,0,1,2,2,0,2,2,0,-1,"
NM_001198995.1,chr1,-,1682670,1690081,1684342,1689970,10,"1682670,1685005,1685489,1685722,1685982,1686812,1687696,1687941,1688619,1689803,","1684499,1685088,1685647,1685822,1686137,1686915,1687782,1688047,1688749,1690081,",0,NADK,cmpl,cmpl,"2,0,1,0,1,0,1,0,2,0,"
NM_002074.4,chr1,-,1716723,1822556,1718769,1756892,12,"1716723,1718760,1720491,1721833,1724683,1735857,1737913,1747194,1749275,1756835,1770628,1822258,","1718492,1718876,1720708,1722035,1724750,1736020,1737977,1747301,1749314,1756938,1770677,1822556,",0,GNB1,cmpl,cmpl,"-1,1,0,2,1,0,2,0,0,0,-1,-1,"
NM_001282538.1,chr1,-,1716723,1822556,1718769,1735987,10,"1716723,1718760,1720491,1721833,1724683,1735857,1737913,1756835,1770628,1822258,","1718492,1718876,1720708,1722035,1724750,1736020,1737977,1756938,1770677,1822556,",0,GNB1,cmpl,cmpl,"-1,1,0,2,1,0,-1,-1,-1,-1,"
NM_001282539.1,chr1,-,1716723,1822556,1718769,1756892,11,"1716723,1718760,1720491,1721833,1724683,1735857,1737913,1747194,1749275,1756835,1822258,","1718492,1718876,1720708,1722035,1724750,1736020,1737977,1747301,1749314,1756938,1822556,",0,GNB1,cmpl,cmpl,"-1,1,0,2,1,0,2,0,0,0,-1,"
NM_001330313.1,chr1,+,1846265,1848733,1846719,1848632,5,"1846265,1847879,1848190,1848412,1848585,","1846746,1848054,1848335,1848513,1848733,",0,CALML6,cmpl,cmpl,"0,0,1,2,1,"
NM_138705.3,chr1,+,1846265,1848733,1846719,1848632,6,"1846265,1847123,1847879,1848190,1848412,1848585,","1846746,1847174,1848054,1848335,1848513,1848733,",0,CALML6,cmpl,cmpl,"0,0,0,1,2,1,"
NM_178545.3,chr1,-,1849028,1850740,1849320,1850704,5,"1849028,1849691,1850331,1850483,1850620,","1849601,1849870,1850373,1850527,1850740,",0,TMEM52,cmpl,cmpl,"1,2,2,0,0,"
NM_001304360.1,chr1,-,1853389,1935276,1853725,1922395,39,"1853389,1854027,1854423,1854805,1855213,1855829,1857221,1857666,1857895,1858090,1858332,1859045,1860222,1861498,1870293,1871032,1871754,1873466,1875769,1877755,1878428,1887129,1888058,1890558,1891402,1895187,1896326,1897809,1900073,1902097,1903418,1904375,1905463,1916824,1918375,1919950,1920327,1922328,1935139,","1853827,1854162,1854584,1854938,1855368,1855959,1857377,1857786,1857951,1858200,1858467,1859185,1860321,1861775,1870427,1871206,1871842,1873595,1875891,1877878,1878493,1887289,1888223,1890648,1891469,1895306,1896500,1897965,1900272,1902255,1903521,1904486,1905637,1916929,1918474,1920094,1920412,1922414,1935276,",0,CFAP74,cmpl,cmpl,"0,0,1,0,1,0,0,0,1,2,2,0,0,2,0,0,2,2,0,0,1,0,0,0,2,0,0,0,2,0,2,2,2,2,2,2,1,0,-1,"
NM_000815.4,chr1,+,1950767,1962192,1950862,1961721,9,"1950767,1956380,1956772,1956956,1959015,1959593,1960549,1960989,1961421,","1950930,1956493,1956840,1957177,1959098,1959731,1960705,1961201,1962192,",0,GABRD,cmpl,cmpl,"0,2,1,0,2,1,1,1,0,"
NM_002744.4,chr1,+,1981908,2116834,1982069,2116448,18,"1981908,1986879,1987922,1990979,2066700,2075648,2077465,2080310,2082228,2087433,2100956,2103493,2103739,2105335,2106192,2106662,2116021,2116360,","1982140,1987001,1988012,1991030,2066786,2075780,2077547,2080363,2082417,2087531,2101043,2103629,2103827,2105455,2106272,2106752,2116137,2116834,",0,PRKCZ,cmpl,cmpl,"0,2,1,1,1,0,0,1,0,0,2,2,0,1,1,0,0,2,"
NM_001033581.1,chr1,+,2005085,2116834,2075777,2116448,15,"2005085,2066700,2075648,2077465,2080310,2082228,2087433,2100956,2103493,2103739,2105335,2106192,2106662,2116021,2116360,","2005368,2066786,2075780,2077547,2080363,2082417,2087531,2101043,2103629,2103827,2105455,2106272,2106752,2116137,2116834,",0,PRKCZ,cmpl,cmpl,"-1,-1,0,0,1,0,0,2,2,0,1,1,0,0,2,"
NM_001242874.1,chr1,+,2005424,2116834,2005692,2116448,15,"2005424,2066700,2075648,2077465,2080310,2082228,2087433,2100956,2103493,2103739,2105335,2106192,2106662,2116021,2116360,","2005714,2066786,2075780,2077547,2080363,2082417,2087531,2101043,2103629,2103827,2105455,2106272,2106752,2116137,2116834,",0,PRKCZ,cmpl,cmpl,"0,1,0,0,1,0,0,2,2,0,1,1,0,0,2,"
NM_001033582.1,chr1,+,2036154,2116834,2075777,2116448,15,"2036154,2066700,2075648,2077465,2080310,2082228,2087433,2100956,2103493,2103739,2105335,2106192,2106662,2116021,2116360,","2036334,2066786,2075780,2077547,2080363,2082417,2087531,2101043,2103629,2103827,2105455,2106272,2106752,2116137,2116834,",0,PRKCZ,cmpl,cmpl,"-1,-1,0,0,1,0,0,2,2,0,1,1,0,0,2,"
NM_001282671.1,chr1,-,2115898,2126214,2116716,2117650,8,"2115898,2117442,2118276,2121151,2124283,2125077,2125436,2126126,","2116952,2117688,2118645,2121220,2124414,2125349,2125572,2126214,",0,FAAP20,cmpl,cmpl,"1,0,-1,-1,-1,-1,-1,-1,"
NM_001282672.1,chr1,-,2115898,2126214,2116716,2117650,7,"2115898,2117442,2118276,2121151,2125077,2125436,2126126,","2116952,2117688,2118645,2121220,2125349,2125572,2126214,",0,FAAP20,cmpl,cmpl,"1,0,-1,-1,-1,-1,-1,"
NM_001282673.1,chr1,-,2115898,2126214,2116909,2126188,4,"2115898,2125077,2125436,2126126,","2116952,2125349,2125572,2126214,",0,FAAP20,cmpl,cmpl,"2,0,2,0,"
NM_001256945.1,chr1,-,2115898,2126214,2116716,2126188,3,"2115898,2125077,2126126,","2116952,2125349,2126214,",0,FAAP20,cmpl,cmpl,"1,2,0,"
NM_001146310.1,chr1,-,2115898,2139172,2116716,2132537,8,"2115898,2125077,2129445,2132488,2134874,2137743,2137953,2138994,","2116952,2125349,2129581,2132664,2135069,2137863,2138106,2139172,",0,FAAP20,cmpl,cmpl,"1,2,1,0,-1,-1,-1,-1,"
NM_182533.2,chr1,-,2120986,2126214,2121147,2126188,4,"2120986,2125077,2125436,2126126,","2121220,2125349,2125572,2126214,",0,FAAP20,cmpl,cmpl,"2,0,2,0,"
NM_001256947.1,chr1,-,2120986,2126214,2121215,2126188,3,"2120986,2125077,2126126,","2121220,2125349,2126214,",0,FAAP20,cmpl,cmpl,"1,2,0,"
NM_001282670.1,chr1,-,2120986,2144159,2121147,2130427,8,"2120986,2125077,2125436,2129445,2130192,2135002,2143810,2143987,","2121220,2125349,2125572,2129581,2132664,2135069,2143897,2144159,",0,FAAP20,cmpl,cmpl,"2,0,2,1,0,-1,-1,-1,"
NM_001256946.1,chr1,-,2123333,2126214,2124296,2126188,4,"2123333,2125077,2125436,2126126,","2124414,2125349,2125572,2126214,",0,FAAP20,cmpl,cmpl,"2,0,2,0,"
NM_003036.3,chr1,+,2160133,2241652,2160205,2238204,7,"2160133,2234416,2234723,2235278,2235731,2237458,2238015,","2161174,2234542,2234839,2235541,2236024,2237689,2241652,",0,SKI,cmpl,cmpl,"0,0,0,2,1,0,0,"
NM_024848.2,chr1,-,2252691,2323190,2252821,2322972,14,"2252691,2255535,2267907,2268155,2288870,2290030,2303919,2305899,2316416,2317245,2318857,2319677,2321363,2322896,","2253018,2255582,2267987,2268289,2289037,2290154,2304030,2305996,2316504,2317336,2318968,2319776,2321435,2323190,",0,MORN1,cmpl,cmpl,"1,2,0,1,2,1,1,0,2,1,1,1,1,0,"
NM_001301060.1,chr1,-,2286613,2323190,2286886,2322972,11,"2286613,2288870,2290030,2303919,2305899,2316416,2317245,2318857,2319677,2321363,2322896,","2286903,2289037,2290154,2304030,2305996,2316504,2317336,2318968,2319776,2321435,2323190,",0,MORN1,cmpl,cmpl,"1,2,1,1,0,2,1,1,1,1,0,"
NM_007033.4,chr1,+,2323213,2336883,2327229,2334563,7,"2323213,2327222,2328554,2330853,2332295,2333645,2334473,","2323397,2327310,2328659,2330953,2332374,2333781,2336883,",0,RER1,cmpl,cmpl,"-1,0,0,0,1,2,0,"
NM_153818.1,chr1,-,2336240,2344010,2337204,2343941,6,"2336240,2337922,2338158,2339890,2341809,2343829,","2337273,2338058,2338394,2340297,2341890,2344010,",0,PEX10,cmpl,cmpl,"0,2,0,1,1,0,"
NM_002617.3,chr1,-,2336240,2344010,2337204,2343941,6,"2336240,2337922,2338158,2339890,2341809,2343829,","2337273,2338058,2338334,2340297,2341890,2344010,",0,PEX10,cmpl,cmpl,"0,2,0,1,1,0,"
NM_001303012.1,chr1,+,2398897,2436969,2399058,2435066,22,"2398897,2409914,2411172,2411621,2415886,2418345,2418611,2419036,2420645,2421198,2422630,2426294,2426926,2428045,2428266,2428940,2429961,2430182,2430522,2431079,2433550,2435055,","2399101,2410061,2411416,2411751,2416057,2418439,2418815,2419157,2420817,2421306,2422774,2426387,2427009,2428143,2428449,2429048,2430086,2430267,2430669,2431159,2434349,2436969,",0,PLCH2,cmpl,cmpl,"0,1,1,2,0,0,1,1,2,0,0,0,0,2,1,1,1,0,1,1,0,1,"
NM_014638.3,chr1,+,2407753,2436969,2408027,2436652,22,"2407753,2409914,2411172,2411621,2415886,2418345,2418611,2419036,2420645,2421198,2422630,2426294,2426926,2428045,2428266,2428940,2429961,2430182,2430522,2431079,2433550,2435360,","2408151,2410061,2411416,2411751,2416057,2418439,2418815,2419157,2420817,2421306,2422774,2426387,2427009,2428143,2428449,2429048,2430086,2430267,2430669,2431159,2433848,2436969,",0,PLCH2,cmpl,cmpl,"0,1,1,2,0,0,1,1,2,0,0,0,0,2,1,1,1,0,1,1,0,1,"
NM_001303013.1,chr1,+,2407753,2436969,2408959,2435424,22,"2407753,2409914,2411172,2411621,2415886,2418345,2418611,2419036,2420645,2421198,2422630,2426294,2426926,2428045,2428266,2428940,2429961,2430182,2430522,2431079,2433550,2435383,","2409143,2410061,2411416,2411751,2416057,2418439,2418815,2419157,2420817,2421306,2422774,2426387,2427009,2428143,2428449,2429048,2430086,2430267,2430669,2431159,2433848,2436969,",0,PLCH2,cmpl,cmpl,"0,1,1,2,0,0,1,1,2,0,0,0,0,2,1,1,1,0,1,1,0,1,"
NM_018216.2,chr1,-,2439969,2458067,2440285,2458050,19,"2439969,2441300,2441495,2442116,2442776,2443066,2444326,2445440,2445792,2447000,2449602,2449954,2450581,2451239,2451760,2452161,2452539,2453156,2457902,","2440499,2441369,2441596,2442221,2442826,2443122,2444478,2445528,2445905,2447156,2449703,2450036,2450763,2451393,2451853,2452345,2452754,2453239,2458067,",0,PANK4,cmpl,cmpl,"2,2,0,0,1,2,0,2,0,0,1,0,1,0,0,2,0,1,0,"
NM_001010926.3,chr1,-,2460183,2461684,2460907,2461603,3,"2460183,2461284,2461549,","2461188,2461450,2461684,",0,HES5,cmpl,cmpl,"1,0,0,"
NM_001297605.1,chr1,+,2487803,2497061,2488103,2494307,7,"2487803,2489164,2489781,2491261,2492062,2494303,2494586,","2488172,2489273,2489907,2491417,2492153,2494335,2497061,",0,TNFRSF14,cmpl,cmpl,"0,0,1,1,1,2,-1,"
NM_003820.3,chr1,+,2487803,2497061,2488103,2494712,8,"2487803,2489164,2489781,2491261,2492062,2493111,2494303,2494586,","2488172,2489273,2489907,2491417,2492153,2493254,2494335,2497061,",0,TNFRSF14,cmpl,cmpl,"0,0,1,1,1,2,1,0,"
NM_001195741.1,chr1,+,2518188,2522908,2518234,2520866,6,"2518188,2518529,2519179,2519828,2520395,2520848,","2518387,2518734,2519231,2519892,2520479,2522908,",0,FAM213B,cmpl,cmpl,"0,0,1,2,0,0,"
NM_001195740.1,chr1,+,2518188,2522908,2518234,2520866,6,"2518188,2518529,2519179,2519828,2520392,2520848,","2518387,2518734,2519231,2519892,2520479,2522908,",0,FAM213B,cmpl,cmpl,"0,0,1,2,0,0,"
NM_001195738.1,chr1,+,2518188,2522908,2518234,2520853,7,"2518188,2518529,2519179,2519828,2519988,2520392,2520848,","2518387,2518734,2519231,2519892,2520064,2520479,2522908,",0,FAM213B,cmpl,cmpl,"0,0,1,2,0,1,1,"
NM_152371.3,chr1,+,2518188,2522908,2518234,2520866,7,"2518188,2518529,2519179,2519828,2519988,2520360,2520848,","2518387,2518734,2519231,2519892,2520064,2520479,2522908,",0,FAM213B,cmpl,cmpl,"0,0,1,2,0,1,0,"
NM_001195737.1,chr1,+,2518188,2522908,2518234,2520866,7,"2518188,2518529,2519179,2519828,2519968,2520392,2520848,","2518387,2518734,2519231,2519892,2520064,2520479,2522908,",0,FAM213B,cmpl,cmpl,"0,0,1,2,0,0,0,"
NM_001195736.1,chr1,+,2518188,2522908,2518234,2520866,7,"2518188,2518529,2519179,2519774,2519988,2520360,2520848,","2518387,2518734,2519231,2519892,2520064,2520479,2522908,",0,FAM213B,cmpl,cmpl,"0,0,1,2,0,1,0,"
NM_033467.3,chr1,-,2522080,2564481,2522428,2560923,24,"2522080,2522995,2523370,2524093,2524271,2525252,2525823,2526228,2526714,2527447,2527999,2529645,2530092,2535322,2535585,2536996,2537686,2538412,2540777,2541108,2542719,2543565,2560769,2564304,","2522528,2523072,2523466,2524159,2524405,2525372,2525882,2526332,2526798,2527546,2528128,2529739,2530229,2535412,2535720,2537062,2537805,2538508,2540858,2541270,2542779,2543643,2560960,2564481,",0,MMEL1,cmpl,cmpl,"2,0,0,0,1,1,2,0,0,0,0,2,0,0,0,0,1,1,1,1,1,1,0,-1,"
NM_001242672.1,chr1,-,2572806,2706230,2572806,2706156,7,"2572806,2575702,2576731,2700153,2702383,2704045,2706067,","2573334,2575917,2577002,2700320,2702588,2704271,2706230,",0,TTC34,cmpl,cmpl,"0,1,0,1,0,2,0,"
NM_080431.4,chr1,+,2938045,2939467,2938250,2939384,1,"2938045,","2939467,",0,ACTRT2,cmpl,cmpl,"0,"
NM_199454.2,chr1,+,2985741,3355185,2985823,3350375,17,"2985741,3102688,3160650,3301715,3313054,3319354,3321302,3322058,3327947,3331123,3334391,3335230,3342144,3342614,3347435,3348529,3350297,","2985860,3103038,3160701,3301850,3313157,3319562,3321450,3322212,3329364,3331211,3334561,3335308,3342314,3342789,3347672,3348704,3355185,",0,PRDM16,cmpl,cmpl,"0,1,0,0,0,1,2,0,1,2,0,2,2,1,2,2,0,"
NM_022114.3,chr1,+,2985741,3355185,2985823,3350375,17,"2985741,3102688,3160650,3301715,3313054,3319354,3321302,3322058,3327947,3331123,3334391,3335230,3342144,3342614,3347435,3348529,3350240,","2985860,3103038,3160701,3301850,3313157,3319562,3321450,3322212,3329364,3331211,3334561,3335308,3342314,3342789,3347672,3348704,3355185,",0,PRDM16,cmpl,cmpl,"0,1,0,0,0,1,2,0,1,2,0,2,2,1,2,2,0,"
NM_014448.3,chr1,+,3371146,3397677,3379648,3397151,15,"3371146,3379629,3382711,3383731,3385443,3385996,3389641,3389956,3391271,3392533,3394438,3394987,3396080,3396375,3397011,","3371375,3380236,3382757,3383901,3385500,3386157,3389794,3390086,3391346,3392626,3394590,3395176,3396154,3396477,3397677,",0,ARHGEF16,cmpl,cmpl,"-1,0,0,1,0,0,2,2,0,0,0,2,2,1,1,"
NM_001409.3,chr1,-,3404505,3528059,3407091,3527832,37,"3404505,3407475,3409202,3410334,3410559,3410934,3411176,3412453,3413218,3413551,3413796,3414934,3415261,3415701,3416151,3416359,3417196,3417529,3417740,3418359,3421771,3421985,3422671,3424358,3425121,3425638,3426433,3427346,3428113,3428569,3431113,3431965,3440687,3496388,3511901,3519029,3527701,","3407153,3407523,3409331,3410463,3410688,3411063,3411305,3412582,3413347,3413683,3413925,3415063,3415390,3415830,3416280,3416488,3417328,3417658,3417872,3418485,3421906,3422120,3422800,3424487,3425253,3425809,3426556,3427466,3428251,3428692,3431236,3432091,3440810,3496493,3512011,3519164,3528059,",0,MEGF6,cmpl,cmpl,"1,1,1,1,1,1,1,1,1,1,1,1,1,1,1,1,1,1,1,1,1,1,1,1,1,1,1,1,1,1,1,1,1,1,2,2,0,"
NM_182752.3,chr1,+,3541555,3546695,3541636,3545167,5,"3541555,3541987,3542276,3544063,3544972,","3541837,3542079,3542453,3544217,3546695,",0,TPRG1L,cmpl,cmpl,"0,0,2,2,0,"
NM_017818.3,chr1,-,3547330,3566671,3547538,3566563,12,"3547330,3548029,3548776,3549961,3551560,3551723,3552507,3553558,3555313,3563229,3563971,3566494,","3547681,3548221,3548902,3550067,3551638,3551858,3552594,3553662,3555386,3563346,3564124,3566671,",0,WRAP73,cmpl,cmpl,"1,1,1,0,0,0,0,1,0,0,0,0,"
NM_001204186.1,chr1,+,3569128,3652765,3598929,3649326,11,"3569128,3598896,3599623,3624112,3638584,3639917,3643678,3644191,3644692,3645890,3649310,","3569205,3598994,3599744,3624355,3638771,3640033,3643788,3644334,3644781,3646012,3652765,",0,TP73,cmpl,cmpl,"-1,0,2,0,0,1,0,2,1,0,2,"
NM_001204188.1,chr1,+,3569128,3652765,3598929,3649643,12,"3569128,3598896,3599623,3624112,3638584,3639917,3643678,3644191,3644692,3645890,3648026,3649310,","3569205,3598994,3599744,3624355,3638771,3640033,3643788,3644334,3644781,3646012,3648120,3652765,",0,TP73,cmpl,cmpl,"-1,0,2,0,0,1,0,2,1,0,2,0,"
NM_001204187.1,chr1,+,3569128,3652765,3598929,3649643,12,"3569128,3598896,3599623,3624112,3638584,3639917,3643678,3644191,3644692,3645890,3647490,3649310,","3569205,3598994,3599744,3624355,3638771,3640033,3643788,3644334,3644781,3646012,3647629,3652765,",0,TP73,cmpl,cmpl,"-1,0,2,0,0,1,0,2,1,0,2,0,"
NM_001204185.1,chr1,+,3569128,3652765,3598929,3648119,13,"3569128,3598896,3599623,3624112,3638584,3639917,3643678,3644191,3644692,3645890,3647490,3648026,3649310,","3569205,3598994,3599744,3624355,3638771,3640033,3643788,3644334,3644781,3646012,3647629,3648120,3652765,",0,TP73,cmpl,cmpl,"-1,0,2,0,0,1,0,2,1,0,2,0,-1,"
NM_001204184.1,chr1,+,3569128,3652765,3598929,3649326,13,"3569128,3598896,3599623,3624112,3638584,3639917,3643678,3644191,3644692,3645890,3646563,3647490,3649310,","3569205,3598994,3599744,3624355,3638771,3640033,3643788,3644334,3644781,3646012,3646712,3647629,3652765,",0,TP73,cmpl,cmpl,"-1,0,2,0,0,1,0,2,1,0,2,1,2,"
NM_005427.3,chr1,+,3569128,3652765,3598929,3649643,14,"3569128,3598896,3599623,3624112,3638584,3639917,3643678,3644191,3644692,3645890,3646563,3647490,3648026,3649310,","3569205,3598994,3599744,3624355,3638771,3640033,3643788,3644334,3644781,3646012,3646712,3647629,3648120,3652765,",0,TP73,cmpl,cmpl,"-1,0,2,0,0,1,0,2,1,0,2,1,2,0,"
NM_001204189.1,chr1,+,3607235,3652765,3607469,3649326,9,"3607235,3624112,3638584,3639917,3643678,3644191,3644692,3645890,3649310,","3607508,3624355,3638771,3640033,3643788,3644334,3644781,3646012,3652765,",0,TP73,cmpl,cmpl,"0,0,0,1,0,2,1,0,2,"
NM_001204191.1,chr1,+,3607235,3652765,3607469,3649643,10,"3607235,3624112,3638584,3639917,3643678,3644191,3644692,3645890,3648026,3649310,","3607508,3624355,3638771,3640033,3643788,3644334,3644781,3646012,3648120,3652765,",0,TP73,cmpl,cmpl,"0,0,0,1,0,2,1,0,2,0,"
NM_001204190.1,chr1,+,3607235,3652765,3607469,3649643,10,"3607235,3624112,3638584,3639917,3643678,3644191,3644692,3645890,3647490,3649310,","3607508,3624355,3638771,3640033,3643788,3644334,3644781,3646012,3647629,3652765,",0,TP73,cmpl,cmpl,"0,0,0,1,0,2,1,0,2,0,"
NM_001126242.2,chr1,+,3607235,3652765,3607469,3648119,11,"3607235,3624112,3638584,3639917,3643678,3644191,3644692,3645890,3647490,3648026,3649310,","3607508,3624355,3638771,3640033,3643788,3644334,3644781,3646012,3647629,3648120,3652765,",0,TP73,cmpl,cmpl,"0,0,0,1,0,2,1,0,2,0,-1,"
NM_001126241.2,chr1,+,3607235,3652765,3607469,3649326,11,"3607235,3624112,3638584,3639917,3643678,3644191,3644692,3645890,3646563,3647490,3649310,","3607508,3624355,3638771,3640033,3643788,3644334,3644781,3646012,3646712,3647629,3652765,",0,TP73,cmpl,cmpl,"0,0,0,1,0,2,1,0,2,1,2,"
NM_001126240.2,chr1,+,3607235,3652765,3607469,3649643,12,"3607235,3624112,3638584,3639917,3643678,3644191,3644692,3645890,3646563,3647490,3648026,3649310,","3607508,3624355,3638771,3640033,3643788,3644334,3644781,3646012,3646712,3647629,3648120,3652765,",0,TP73,cmpl,cmpl,"0,0,0,1,0,2,1,0,2,1,2,0,"
NM_001204192.1,chr1,+,3614609,3652765,3624139,3649643,12,"3614609,3624112,3638584,3639917,3643678,3644191,3644692,3645890,3646563,3647490,3648026,3649310,","3614715,3624355,3638771,3640033,3643788,3644334,3644781,3646012,3646712,3647629,3648120,3652765,",0,TP73,cmpl,cmpl,"-1,0,0,1,0,2,1,0,2,1,2,0,"